new_customer_id,Multiple Lines
366817,0
92378,0
93053,1
789216,1
028024,1
419013,0
877917,0
106610,0
64673,1
866521,0
87738,0
604725,0
538023,1
816821,1
776015,0
942012,0
749515,1
16582,1
56982,1
591920,0
919113,0
863724,1
027825,0
459824,0
319214,1
04868,1
484623,1
529918,1
040419,1
441225,1
620723,0
30916,0
23728,0
03904,0
408015,1
213518,0
38745,1
086713,1
33762,0
34458,0
187517,1
069110,0
26566,1
20706,0
631725,0
936723,1
191826,0
10247,0
247215,0
128515,0
78255,0
784120,0
940819,0
074213,0
22324,0
893718,0
125111,1
009415,0
994715,0
032225,0
462914,0
951410,0
495910,0
727320,0
360620,1
63231,0
43857,0
636626,0
59401,0
643220,1
44847,1
951221,0
558319,0
348816,0
358018,0
75342,1
63904,0
809812,1
02655,1
75632,0
232115,0
284024,0
502026,1
580412,0
012215,1
286819,1
432218,1
668014,1
13435,1
20347,0
021925,1
06239,0
45724,0
905713,0
10104,0
02597,1
96012,1
690514,0
516726,1
489520,0
05332,1
65993,0
097916,1
480022,0
79893,0
03347,1
057819,0
556414,0
906326,0
295712,0
775224,1
411016,0
025612,0
088020,1
381122,1
464021,0
35835,0
93991,0
235911,1
030610,0
62278,0
04472,0
594924,0
837210,1
03885,0
820515,0
623522,0
778325,1
56093,1
72188,0
463617,1
595622,1
94127,1
025726,0
682521,1
839713,1
92829,1
134210,1
281714,0
69869,0
53017,1
093925,1
47106,1
121822,0
36276,0
286520,1
51925,1
071919,1
341919,1
65433,0
476515,0
10099,0
455425,1
50992,1
720718,1
49135,1
01959,1
458020,0
09705,0
16265,1
08878,0
564416,1
95761,0
20242,0
41601,0
446410,0
565022,0
75387,0
38593,0
32768,1
08238,0
08227,0
144816,0
00674,0
227625,1
589614,0
713322,0
102917,0
495225,1
15891,0
52449,1
26845,1
64397,1
513823,1
668322,1
218923,0
18949,0
737916,0
02368,1
39001,0
584216,0
203724,0
731415,1
03223,0
46784,0
06919,1
300910,1
14507,1
31382,0
42894,1
182020,0
223910,1
485318,1
627525,0
011520,1
231117,0
36431,1
310415,0
91012,1
923126,0
698219,0
07272,1
103826,0
302726,0
23822,1
220714,0
094713,0
99448,0
412413,1
367119,0
331317,1
507323,0
020713,0
985111,0
39082,0
754913,1
380418,1
922712,0
431513,0
973425,1
27192,0
078112,1
190721,0
65135,1
70749,1
962517,0
475026,1
64002,1
668023,1
70284,1
420821,0
944818,0
911719,0
988920,0
454118,0
315813,1
729420,0
89196,0
283410,1
587525,0
664617,1
86039,1
936924,1
38429,1
664124,0
13744,1
83575,0
198916,1
95245,1
699315,0
881824,1
469522,0
38639,0
482218,1
84362,1
418420,0
414521,0
994825,0
123623,0
488317,0
83299,0
127119,0
566919,0
59819,1
694116,0
162423,0
20747,0
037625,1
063419,1
553618,1
61669,0
309714,0
065518,1
43612,1
987820,0
444114,0
89992,0
702918,1
46073,0
882418,0
976316,0
762710,1
40814,0
811119,1
092712,0
825718,1
529323,1
084114,0
785123,1
884420,0
408625,0
58683,0
013514,1
627015,0
010723,0
399225,1
012512,0
839925,0
56736,1
157911,1
392714,0
635812,1
54948,0
98242,0
137315,1
986617,1
989711,0
79793,1
16183,1
31658,0
658114,0
168913,0
58352,1
55656,1
555226,0
222311,0
732116,1
283319,0
75955,0
202620,0
403022,0
41873,0
681823,1
240820,1
91343,0
799316,0
502724,0
456617,0
85199,1
020115,1
337211,1
783117,1
639323,1
659918,1
98312,1
172513,0
003116,0
72067,0
479117,1
176826,0
467112,0
193419,0
383815,1
92693,0
28458,1
118416,0
94154,1
794318,1
379313,1
324926,1
25682,0
772110,0
724923,1
65678,0
31641,0
33343,1
47045,0
862113,1
047112,1
951818,1
54193,0
62405,0
69608,1
702415,1
786121,0
535720,1
06804,1
776721,1
157119,1
95463,1
050612,0
295117,1
347324,1
78939,0
295217,1
476316,0
539419,1
928312,1
707917,1
54693,1
985117,1
98099,1
52088,0
325425,1
266723,0
052915,1
52409,1
10927,0
066124,0
78815,0
576624,0
370322,0
851917,0
632613,1
03309,0
288611,1
423718,0
96517,0
31862,0
063725,1
11572,1
26605,1
767515,0
20033,0
925418,0
120523,0
93915,0
838713,0
276115,0
306815,1
603211,0
745918,1
41541,0
30929,1
801712,0
635220,1
292917,1
126215,0
424817,1
189922,1
469012,0
33318,1
94904,1
544224,0
304914,1
85801,0
79637,0
12286,1
20584,0
536424,1
48291,1
504712,0
915822,1
631121,0
68399,1
03758,0
859323,1
60975,1
442325,1
010725,1
864019,0
411620,0
387710,1
83754,0
751125,0
755110,0
98049,0
53189,0
319822,1
943626,1
72792,1
715613,0
71987,0
051622,0
838016,0
56874,0
75308,0
30969,0
59221,1
91721,1
69108,0
481612,1
960616,1
35369,1
49112,1
84965,0
313220,0
80804,0
636513,0
134923,0
699025,1
062120,0
24859,0
366915,0
16125,0
670215,0
451016,0
751719,0
41438,0
705412,0
092316,0
349410,0
64746,1
88404,1
454712,1
677024,0
419315,0
777617,0
668920,0
31439,1
472022,1
394613,0
66511,1
45667,1
24844,0
458714,0
04202,0
818315,0
961418,1
50549,0
58341,1
394824,0
05659,1
544521,0
102422,1
949717,1
034819,1
437313,1
89018,0
541911,0
342414,1
45147,1
98281,0
800018,0
76155,0
385822,1
144716,0
85653,1
913923,1
02248,1
808615,0
94306,1
30747,1
684518,1
88618,1
706525,0
769422,1
479511,1
648115,0
375320,0
830522,0
917210,0
629817,1
996110,0
61739,1
973421,1
218921,1
49587,0
63565,0
86247,1
61797,0
317712,0
489717,0
108421,0
829025,1
29552,0
38064,0
930018,0
07611,0
215313,1
310621,1
092522,1
43497,1
78025,0
80352,0
978724,1
894513,1
80518,0
30237,1
05249,1
273725,0
515925,0
402118,1
906120,1
86991,1
79271,0
469523,1
761915,1
398818,0
25147,0
59316,0
265922,1
320715,1
42857,0
72165,1
833713,0
81822,1
25288,0
24823,0
086617,1
71812,1
62049,0
45293,0
25063,0
15839,1
015115,0
414013,0
032010,0
718016,1
357118,1
957822,1
15876,1
614017,0
430711,1
54406,1
747013,0
748813,1
20276,1
26724,0
387013,1
48003,1
73774,0
894910,1
277412,1
32119,0
461220,1
409414,1
510313,0
184624,0
023511,0
28847,0
375714,1
513611,1
372223,0
29295,0
754819,0
883522,0
162314,0
989811,1
523616,1
78546,0
25196,1
826310,0
70899,1
220525,1
12549,1
949220,1
922115,1
33256,1
590817,1
848125,0
26099,1
17403,0
263615,0
132315,1
03977,1
76415,1
992126,1
470113,0
92067,0
15962,1
843323,0
37077,1
892212,1
824521,1
518619,0
537319,1
576626,0
89317,1
427716,0
002220,0
02038,1
095211,1
81785,1
51309,1
323023,1
04072,1
960021,1
407419,0
32691,1
49107,1
035423,0
757615,1
553920,0
432319,0
44462,1
52029,0
597610,0
013715,1
335114,1
759310,0
458825,0
333610,1
50287,0
686124,1
687720,0
67694,0
243311,1
219526,0
355019,1
201120,0
48739,0
272511,0
95654,1
83488,0
684923,0
465914,1
842924,1
26082,0
734112,1
946213,1
812825,1
42836,1
156920,1
23972,0
474922,1
759821,0
793815,0
85101,1
04311,0
342614,1
82252,0
338722,1
114314,1
041513,0
17242,0
482624,1
24959,0
413919,0
685722,1
56242,0
240823,0
557715,0
610017,1
26348,1
750317,0
269114,1
44048,0
729510,0
501319,1
070920,1
602325,1
720910,0
30013,1
61584,0
37637,1
07727,0
48315,0
410215,1
91707,1
399917,0
245418,1
200213,0
22653,1
200415,0
502717,0
26728,0
750813,1
01484,1
999218,1
031013,1
455022,1
569617,0
740911,0
173222,0
049518,0
78545,1
886920,0
06799,0
21152,0
06114,0
778015,1
97474,0
056410,1
33483,0
14287,0
880221,0
63137,0
28451,1
224925,1
741025,1
46267,1
55902,1
32371,0
159114,1
28153,0
05962,0
148126,1
230915,0
18916,1
761312,1
264016,1
38018,0
968523,1
602221,0
44843,0
62145,0
61279,1
874024,0
12084,1
17611,0
39233,0
712018,1
73177,1
13221,0
36779,0
56926,0
155012,0
026817,0
087623,0
06176,1
285813,1
811812,1
70053,0
42506,0
527726,1
214118,0
63767,0
505216,1
697926,1
238612,0
60329,0
42488,0
051623,0
91746,0
880918,1
482214,1
53074,1
867910,0
14326,0
48031,1
38848,0
50774,0
114223,0
56491,0
489222,0
29198,0
423624,0
303025,0
741011,0
83934,0
73959,0
283419,0
789022,0
990719,0
05874,0
639710,0
352317,0
08954,1
814918,1
72505,0
401321,1
551914,1
88497,1
31482,0
04613,0
88065,0
777912,1
971026,1
418323,0
549820,1
972221,0
39026,1
677211,1
711215,0
421017,0
331815,1
58281,1
108612,0
26361,0
777415,1
778623,1
98853,0
50165,0
386613,0
805810,1
069726,1
76574,0
827613,1
759324,0
03373,1
151324,0
601522,1
63474,1
08976,1
766318,0
11202,0
912412,1
223526,1
389116,0
068914,0
365811,0
551925,1
49465,0
251622,1
758021,0
517812,1
818521,1
45858,0
75262,1
495121,1
210825,0
491817,0
70569,1
162510,1
29474,0
411212,0
45108,0
874910,1
243021,1
59555,1
09175,1
59495,0
727418,0
031121,0
383424,1
841413,0
75996,1
822920,0
62211,1
77435,0
556911,1
49889,1
77309,0
042620,0
758718,0
074818,0
47061,1
588910,1
902618,0
37465,1
23325,0
947416,0
216522,0
221913,0
891418,1
096326,0
759418,0
63315,1
599822,1
162414,1
431722,0
167019,0
754125,0
026026,0
872214,0
621011,1
01332,0
61283,0
954010,0
226021,0
365620,0
862320,1
150119,0
320825,1
261218,1
690016,1
33462,0
29336,0
99862,0
272210,0
40835,0
757915,0
177115,1
061218,0
641012,0
319415,1
881622,1
93786,1
17238,1
78257,0
124011,0
083619,0
443310,1
37162,0
589913,1
684915,0
94888,0
60387,0
115023,1
31441,0
561616,0
481817,1
696122,0
668821,1
283918,0
09687,0
19654,1
905719,1
677124,1
860117,1
239119,0
264517,0
48068,0
442420,1
844326,1
91361,0
747914,1
295913,0
420110,0
596023,0
06841,0
826014,0
186618,1
863114,1
495824,1
833721,1
17259,0
659818,0
671215,0
861422,1
293021,1
59144,1
253317,1
864424,0
86251,1
93063,1
183322,1
837424,1
265620,1
694612,1
232526,0
39323,0
40398,1
081223,0
359421,1
000420,0
50899,1
481722,1
139617,0
529919,1
24032,1
289812,0
735916,0
45032,0
60865,0
38863,1
575918,0
637218,0
893821,1
09912,0
38719,0
63199,0
90251,1
527519,0
771625,1
439011,0
130414,1
89457,0
695921,0
381519,0
515422,0
565510,1
45055,0
458722,1
465214,1
89728,1
851515,1
286018,1
526117,0
886823,1
13346,0
762524,1
173120,1
04062,1
061824,0
527611,0
256510,1
668911,0
661514,1
42554,0
298413,0
559025,0
367720,0
96675,0
332923,0
287326,1
341520,0
19159,0
304524,1
72398,0
76833,0
09463,1
06283,0
766520,0
011217,1
03242,1
277716,0
11961,1
428225,1
535618,0
918910,1
074610,0
057623,1
46283,0
287622,0
683414,0
55977,0
274813,1
482225,1
982116,1
65599,0
42293,1
366313,0
902526,0
328521,0
548216,0
490215,1
049526,1
23573,1
37377,1
408825,1
20343,1
57971,0
368317,0
422826,1
351926,1
641620,0
51081,0
306618,0
671515,0
15674,1
215021,0
26832,1
215713,1
93601,1
108721,0
548523,0
263221,1
544516,1
91703,1
104325,1
381413,1
122621,0
642525,1
544221,1
77344,0
209118,1
211413,0
448919,1
689916,1
218712,0
459714,1
901917,0
370712,1
14555,0
297919,1
401320,0
37544,0
713022,1
612122,0
79033,1
699611,0
170414,0
259219,0
74811,1
86427,0
34005,0
205726,1
550218,1
00238,0
903918,0
84176,0
179221,0
051525,0
037824,0
472924,0
54496,1
98372,0
013721,0
616121,0
654324,1
492512,1
145521,1
828013,0
203719,1
31786,1
608713,1
460310,0
301820,0
480611,0
708325,1
24792,1
743419,0
790817,0
67116,1
371410,0
47029,0
617811,1
12642,1
965823,1
201319,0
858017,1
201214,1
88085,1
350612,0
39348,1
766623,0
49101,1
215411,1
96475,1
342824,0
037820,0
43558,1
90583,1
031817,0
55206,1
557226,0
37503,0
80637,1
454711,1
48775,0
763919,0
106924,1
46588,0
344010,0
28896,1
698724,1
42902,1
032524,0
246224,1
476024,0
78172,1
185321,0
54583,0
521925,1
354018,0
209113,0
08835,0
072220,1
757125,1
33936,1
640226,1
748611,1
844323,0
300624,1
996525,1
05048,1
630525,0
36477,0
379112,1
816626,1
29567,1
65953,0
036226,1
421113,0
427415,0
15415,1
41068,0
236921,1
277815,0
063711,1
663313,0
87855,1
572911,0
158218,1
87403,0
296224,0
16786,0
86275,0
548020,0
88543,1
051110,0
706711,1
653225,0
93001,1
11123,1
51751,0
517418,0
72702,1
956510,0
06074,0
973211,0
338925,1
95601,0
51349,0
30704,1
570715,1
869610,1
53801,1
205516,0
87145,1
37213,0
256815,1
119318,0
23021,1
59237,0
52337,0
44321,0
899316,0
156518,1
713718,1
376510,0
733023,1
395712,1
663513,0
52812,1
53789,0
27187,0
641324,0
144924,0
262621,1
261218,0
47351,1
366912,0
68925,1
972519,0
58847,0
32176,0
78537,0
748017,1
394311,1
923926,0
43988,1
443021,0
485519,0
80088,0
712421,1
186219,0
150224,0
969220,0
791219,1
481610,0
829220,0
18672,1
235917,0
910320,1
414023,0
66533,0
324726,1
61019,0
12681,1
894321,0
471312,0
432514,1
295516,0
776221,1
690714,1
291121,0
374426,1
567320,0
16029,1
462823,0
16449,0
370516,0
65028,1
260618,0
82587,1
686115,0
994018,0
299521,0
668625,0
13835,0
475920,0
85639,0
80202,0
298222,1
819926,1
46255,0
598014,1
689224,1
80105,1
987417,1
806225,0
60001,0
09479,0
367225,1
904810,0
89885,1
37765,0
190224,0
064315,1
938114,0
279424,0
838219,1
298326,0
784521,0
303426,0
832712,1
10752,1
030210,0
53669,1
19819,0
497116,1
84857,0
152719,1
602923,1
86343,1
668217,0
87809,1
95305,1
03458,0
304919,1
33178,0
32355,0
80589,0
556915,1
882124,0
208215,1
594014,1
805323,0
956411,0
20823,0
121314,0
568811,0
289417,0
574716,0
314310,0
638619,1
29829,1
352119,0
952610,0
564922,0
51435,0
49199,1
905017,1
616823,0
087719,1
806525,1
96375,0
968916,0
946518,1
23629,1
084323,1
55159,0
745014,1
53764,0
90958,0
23795,0
600515,1
793223,0
272222,1
52285,0
73946,0
633112,1
15976,0
700023,1
07279,0
59592,1
35129,1
614115,0
750326,1
250620,0
871816,0
220715,0
614222,0
643721,0
11143,1
60604,0
847322,1
62893,0
553619,1
019622,1
883722,0
269614,0
761417,0
19763,0
463115,0
375510,0
634521,1
18094,0
69235,1
957418,1
261923,0
077814,0
461414,0
380311,0
68047,1
957213,1
96113,0
03297,0
66293,0
53645,0
508719,0
00135,0
555022,0
49292,0
222526,1
527125,1
26571,0
633010,1
466715,0
16608,0
725321,0
722815,0
62841,1
234410,0
37999,0
17948,0
24606,0
48184,1
13208,1
14931,0
64245,1
439118,1
68212,1
50288,0
98017,1
232010,0
060123,0
514323,0
539318,0
023112,0
944410,0
55102,0
447111,1
763817,0
32444,0
08753,0
78126,1
47971,0
522916,1
698221,0
505712,0
01935,0
43698,0
01566,0
19846,1
06548,1
528717,1
519619,0
189121,1
610815,1
036317,1
98404,0
309610,1
804210,0
337412,1
50497,0
58837,1
481717,1
239825,0
998513,0
126524,1
223726,0
487110,0
141525,0
671122,0
350018,0
454819,1
806616,0
414315,1
78545,0
91029,1
342212,0
26424,1
436110,0
136320,0
95075,0
98467,0
601716,0
713618,0
458119,1
692723,0
339826,0
037814,1
451226,0
79691,1
056815,1
073322,1
45505,0
296819,1
484410,0
677720,1
353823,0
478517,0
861023,1
490510,0
78819,1
011712,0
61726,1
19651,1
478621,0
724822,1
00119,0
41927,0
649619,1
99127,1
538313,1
72405,0
22023,0
599515,0
626118,0
795117,1
364016,1
687712,0
80195,1
51677,0
90335,1
132414,1
152222,0
918520,1
556723,1
806318,0
068726,1
96611,1
372718,1
664622,1
56859,0
425026,1
50951,1
187113,0
202715,0
909019,1
659525,1
983526,1
15554,1
564920,0
051924,0
63381,0
925317,1
944519,1
756816,0
53499,0
39457,0
379722,0
95262,0
452323,1
836420,1
306317,0
877512,1
309714,1
356521,1
92496,1
549319,0
087121,1
919013,0
109510,1
087022,0
538519,1
398224,1
40091,0
36276,0
75627,0
490321,0
677620,0
40773,1
286813,0
484717,0
637918,0
865018,0
047518,1
126020,0
632826,1
478911,1
286721,0
811118,1
158513,0
285614,0
85593,1
75475,1
67694,0
443910,0
24462,1
14967,0
25757,0
284210,0
329619,0
968115,1
518021,0
715315,0
652125,1
88788,0
375111,0
197719,0
581321,1
03287,0
43428,0
419519,0
695619,0
322323,1
905310,1
25305,1
661526,0
925023,1
275424,0
159712,1
705522,0
075421,0
749320,1
15778,0
875219,0
45586,0
86515,1
762320,0
93309,1
92864,1
966113,0
18425,1
807924,1
80739,0
88841,1
272023,1
28691,1
98945,0
78516,0
063721,0
094015,1
070216,1
196322,0
30588,1
32596,1
080726,0
574818,1
773912,1
97763,1
603426,0
20796,0
660817,0
35518,1
630210,1
368525,1
863413,1
876114,0
841322,0
922321,0
435117,0
541910,1
21002,1
04887,0
931814,0
97286,0
72549,0
24742,1
074214,0
611015,0
588912,1
57085,1
870824,1
06161,0
70162,0
68761,0
196319,0
02205,0
275422,1
319024,1
75514,0
723514,1
05206,0
144422,1
571216,0
331520,1
66618,1
151822,0
59095,0
13092,1
931723,0
28568,0
448816,0
36213,1
69061,1
10319,0
583224,0
47011,0
92109,0
002324,1
45929,0
763213,1
651812,1
724217,0
45763,0
10001,0
106212,0
960014,1
645721,0
46625,1
924815,1
33986,1
33194,0
925916,1
44159,1
146522,1
28106,0
192520,1
081815,1
14477,0
087214,0
94121,0
13893,1
556114,1
273723,0
227217,1
985015,1
376814,1
867620,1
735919,0
068513,0
818216,0
795718,0
21804,0
55151,1
897615,0
62302,0
52943,0
529516,0
986310,0
76608,0
793116,0
399017,1
491913,0
30908,1
982018,0
783917,0
520417,0
45975,1
845010,1
11139,0
92743,1
775824,0
899210,0
06171,0
244616,0
300514,1
87843,1
53896,0
844423,1
945112,1
586825,0
202510,1
407819,1
99408,1
661818,1
907925,1
268519,1
04023,1
669221,1
127313,1
54808,0
029516,1
119515,0
59063,0
45015,0
29908,0
73847,0
760321,1
72346,1
58768,0
140013,1
308517,0
39263,0
104118,0
17503,0
71428,1
826726,0
64577,0
145019,0
557016,1
650213,0
769312,1
003216,0
679712,1
639413,1
156414,1
81559,1
088617,0
873923,1
868523,1
474512,0
808325,1
72406,1
66646,1
078622,0
39762,1
35859,1
658317,1
417412,0
210824,0
63049,0
009324,1
198011,1
770326,1
07234,1
548214,0
112210,0
16998,0
87753,0
689412,1
063920,1
836112,1
759022,0
55757,0
77953,0
145211,1
671315,0
638820,0
97637,0
746912,0
809120,1
512910,0
365519,1
819124,0
995923,1
418313,0
168022,0
363823,1
63228,0
686510,0
524825,1
384114,1
492924,0
68279,0
73105,0
34132,0
623418,1
65721,0
886520,0
94894,1
986710,0
467122,1
40809,1
371414,1
594821,0
763912,1
295416,1
801219,1
657519,1
466717,0
876911,1
506724,1
395719,1
59542,1
04343,1
12156,1
052619,0
05571,0
51223,0
862726,1
341025,0
317014,0
741015,0
227317,0
07315,0
189117,1
802816,1
56301,0
26733,1
641610,0
559026,0
019126,0
388716,1
810821,0
991925,0
031826,0
444526,1
480825,0
186217,0
279614,0
301611,0
47678,0
242423,0
723316,1
606714,1
984810,1
98036,1
321211,0
63801,0
367924,0
712323,1
538620,0
618025,0
67284,1
97502,0
85973,1
284825,0
454926,0
57121,0
525619,0
307122,0
95602,0
840215,0
944526,1
109119,1
29288,0
649720,0
721920,0
462225,0
673416,1
393026,0
263921,0
28767,1
858724,0
779912,1
785022,0
377422,0
621711,0
314613,1
109523,1
263619,1
113117,1
57165,1
68372,0
64404,0
34662,0
378025,0
167910,1
907326,0
307718,0
65517,0
91671,1
27493,0
637114,0
755414,1
899222,0
44825,0
464825,1
29079,0
63456,0
599715,1
115923,0
765425,0
67279,0
591822,0
174410,1
594719,1
371216,0
658215,0
552411,0
482721,0
81677,0
095619,0
801721,1
71006,1
298418,0
968014,1
21465,0
26049,0
917810,1
616825,1
725519,1
36454,0
93238,0
85447,0
33634,1
701823,0
914211,0
767425,0
634819,0
134711,0
419514,0
715719,0
470912,0
25044,1
069914,0
92862,0
023023,0
204012,1
649610,0
44435,1
646913,0
596122,0
677810,0
634110,0
481110,1
094520,1
265126,1
331621,0
708313,0
19847,1
062110,0
990312,1
922721,0
73011,1
66146,1
75761,0
90588,0
45221,0
022123,0
030321,1
095923,1
407510,0
328226,1
367525,0
41112,0
701722,1
665512,1
504614,0
752926,1
76052,0
195011,1
01233,1
629220,1
31971,0
701426,1
763313,0
47168,1
31797,0
864511,0
413013,0
031420,0
822913,0
208019,1
957723,1
62024,1
38088,0
372715,0
229419,0
484720,0
15639,0
820324,0
65564,0
685123,1
298510,1
089512,0
826622,0
818125,0
22408,1
12484,1
41152,0
316719,1
409120,1
109820,0
727715,0
15575,1
27991,0
502725,1
397319,0
674510,1
988020,0
870523,0
710210,0
862616,0
49833,1
570125,0
56977,0
27393,1
93855,0
94986,0
23797,1
20889,1
798222,0
60352,0
688516,1
75208,1
96392,0
592419,0
00219,1
896619,0
624315,0
46544,0
051318,1
516021,0
411514,0
335114,1
89845,1
983320,1
929420,0
52294,0
010416,0
517612,0
358311,0
906912,0
730226,0
95715,1
35206,1
656322,0
61225,0
28055,1
68623,0
715613,1
61588,0
28639,1
56863,1
56513,0
820425,0
658319,1
170816,0
878212,1
552210,0
359713,1
977414,1
022418,0
99671,0
395114,1
29773,1
017716,1
25195,0
587617,0
22771,0
944210,0
306719,0
54957,0
76062,0
47424,1
011111,0
416314,1
52331,1
59735,1
19964,0
791622,0
46867,1
524917,1
22336,1
56059,0
766326,1
393520,1
81112,0
205519,1
280613,1
87344,1
436016,1
615215,1
77818,0
218121,0
604814,0
232019,0
498021,0
437611,1
588622,1
35771,0
077123,1
562818,1
020620,1
29376,1
19106,0
073215,1
516813,0
10905,0
859216,1
576023,0
88477,0
47856,1
831314,1
51493,0
094211,0
42373,0
145222,1
471921,0
661422,0
14802,1
299624,0
90761,1
596824,1
889618,0
49339,0
13042,0
410416,0
37804,0
44315,0
048612,0
461219,0
516813,1
79718,1
90941,1
364910,1
447212,0
35523,1
677825,0
575615,1
657910,0
41342,0
050519,0
437425,1
45133,1
39578,1
780324,0
573625,1
89816,1
113512,0
433213,0
853519,1
86778,1
247513,1
34821,0
670512,0
75317,0
51749,1
41093,1
091324,1
07505,0
86063,1
35714,1
76017,0
035615,1
806714,0
14037,0
423424,0
129722,1
53483,1
06218,1
584417,0
89059,0
539413,0
685917,1
278212,1
28669,0
71291,0
256016,1
467613,1
81385,0
35808,1
13528,1
207516,0
19826,1
579111,1
265422,0
11548,0
250124,0
371621,0
68151,1
73435,1
370119,0
610312,1
731922,0
584614,0
696717,0
578118,1
03089,0
729312,0
702523,1
575610,0
603018,1
954812,0
515012,1
827018,0
652225,1
264012,0
14232,0
23934,0
456811,0
87529,0
074212,1
079512,1
061915,1
55129,1
045919,1
02152,0
924426,0
82085,0
517213,1
171018,1
03746,0
583919,0
517326,0
10961,1
200113,1
27317,1
47232,1
651614,0
867215,0
82074,1
28045,0
668922,1
71387,1
939626,1
646411,0
713413,1
52403,1
40599,1
488110,0
051621,1
48512,0
51488,0
30033,0
50169,1
679721,1
24694,1
993111,1
177511,1
766522,0
941120,0
795413,0
20774,1
95742,1
490824,0
840422,1
23919,1
35097,0
58452,0
114021,1
518319,0
810016,1
783812,0
208510,0
809523,0
303026,0
95656,1
875515,0
280022,0
553318,0
021410,0
564213,0
30886,1
90927,1
372915,1
23241,1
57609,1
282621,1
75019,0
495720,0
725112,1
804013,0
15368,0
53136,1
09466,0
507625,1
82623,0
666310,1
962017,0
268211,0
248010,0
007824,1
99788,0
833817,1
152512,1
945020,1
17667,1
694212,0
145620,0
759626,0
832921,1
301423,0
334725,1
79294,0
966110,1
543311,1
431211,1
557520,1
01149,0
99441,1
18531,0
695215,1
469712,0
843422,0
654925,0
49508,1
678615,0
275310,1
662125,0
121610,0
75647,1
117314,1
75955,0
664726,1
252114,0
130720,1
750313,1
438113,1
692310,0
401816,1
16356,0
24991,1
69195,1
39668,0
642510,0
84059,0
82249,0
947712,0
141018,0
31153,0
01399,0
57304,0
00306,0
56846,1
40137,0
126614,1
79696,0
47184,0
517523,1
781715,0
872819,0
313714,0
77064,0
882318,1
950519,0
37583,1
56763,0
75211,0
02859,0
51253,0
499212,1
220215,1
08102,1
022912,1
713126,0
344226,1
57263,0
98715,0
42577,0
517323,0
204015,1
628626,1
380724,0
567118,1
88591,1
31741,0
992616,1
73824,0
279814,1
809820,1
35517,0
478514,0
319614,1
00369,0
41785,1
422020,1
531825,0
797520,1
029517,0
43352,1
914610,1
53379,0
965022,1
34875,0
267220,1
425023,1
818423,0
609217,0
462512,0
03922,1
654914,0
042215,0
69168,0
23165,0
977815,1
740815,1
600720,1
225214,1
87139,1
790520,0
769516,0
837421,1
32244,1
527516,0
479521,0
97779,1
097913,0
27329,0
032324,1
193715,1
157312,0
176422,0
471326,1
30507,0
78761,0
79458,1
934222,1
35232,0
319914,1
517016,0
466114,0
21231,0
125825,1
004812,0
58989,1
625923,1
79975,1
073011,1
897519,1
067818,1
22676,1
10517,0
528513,0
03794,0
554317,0
029718,0
469416,0
083510,1
750819,1
386525,1
59932,0
602418,1
39563,0
407923,0
61032,1
514920,0
747123,1
89424,0
430122,1
919916,1
48247,0
53938,0
086216,1
881226,0
51463,0
045415,0
578711,0
419822,0
663021,1
570912,0
26921,1
034721,0
08354,0
08117,0
75675,0
611526,0
63532,1
623123,0
99045,1
616916,0
858411,0
846723,0
08514,0
538219,1
32613,1
83886,0
40022,1
565125,0
28264,0
43782,0
948921,0
484916,1
77642,0
34299,0
50027,1
05566,0
060420,0
587919,1
646116,0
33189,0
11068,0
248324,0
816526,1
260424,0
371715,0
904610,0
328014,0
12065,0
836112,1
488311,1
91085,1
727711,0
254512,0
323422,0
812010,0
89176,0
704725,0
28585,1
641926,0
09298,0
661425,0
742618,0
406510,0
764919,1
936125,1
37486,0
939120,0
145224,0
342223,0
824219,0
74609,0
71471,0
786820,0
67326,1
83297,0
135222,1
263220,1
814617,0
17673,1
644520,1
458112,0
48695,0
191515,0
729616,0
335415,0
352423,1
08104,1
402619,0
28298,0
384510,0
701316,1
348614,0
61006,0
482926,1
173022,0
71432,0
380012,0
964614,0
703014,0
88837,0
777126,0
21114,0
419423,1
41211,1
984516,1
045524,0
030111,0
175114,1
436714,1
91701,0
72411,1
45466,1
90363,1
583220,0
859025,0
86599,1
13383,1
74394,0
464617,0
974224,1
692115,1
95786,1
471221,0
77223,1
871722,0
736317,0
415914,1
097117,1
939720,1
339110,0
034317,0
217612,1
331221,1
127121,1
84615,1
690018,1
689110,1
145917,0
104714,0
369624,1
00748,0
87917,0
93304,0
00982,0
34521,1
58598,0
315617,0
220814,0
177916,1
662114,0
083110,0
07749,1
308223,0
95534,1
16412,0
246014,1
244626,1
35223,0
143019,0
04115,1
88071,0
89923,0
432017,0
877716,0
82929,1
687026,1
06213,0
52684,1
533410,1
624213,0
935921,0
478215,1
647915,0
71291,1
418914,1
55622,0
12829,0
91276,1
164118,1
699415,1
134621,1
293324,1
546117,1
483525,0
316425,0
088723,0
46609,0
767026,1
808921,1
008015,0
391614,0
680719,1
82218,1
523214,0
896719,0
446811,0
04555,1
89441,0
554214,0
712618,1
53709,1
67898,0
90875,1
679125,0
60772,0
001313,0
826825,1
429119,0
69809,0
00408,0
07847,1
22944,1
087210,1
305513,0
909123,0
71159,1
84964,1
204022,1
906822,1
017819,1
038418,0
12991,1
452522,0
154312,1
27883,0
031917,0
212019,0
00966,1
066815,0
650726,0
94088,1
559319,1
67668,1
76175,0
922026,0
22269,1
072322,0
55297,0
999221,0
474123,0
662521,0
62442,0
100414,0
125119,1
261216,1
848016,1
87809,1
459826,0
125719,0
968111,1
718215,1
50955,0
70053,0
482123,0
47301,0
34526,0
238812,1
953114,0
626015,0
438921,1
871112,0
898515,0
880026,1
26166,0
99686,1
310816,1
83906,1
30222,1
624820,1
67297,0
619826,1
598915,0
12913,1
979519,0
32309,0
004218,0
494518,0
186614,0
394124,0
16613,1
515818,0
978825,0
927710,1
190725,0
894725,0
316115,0
011418,0
456514,1
668222,0
647522,0
391013,0
066123,0
753718,0
46563,1
012119,0
373312,0
62656,0
13714,0
20173,0
769011,0
05362,0
22939,1
546914,0
262520,0
41028,1
72667,0
772222,0
707317,0
562418,0
019610,1
713025,1
927212,0
30844,1
108413,0
42388,1
62503,0
547810,1
75969,0
979323,0
42918,0
899925,0
18396,0
307113,1
16972,1
056211,0
113119,0
371715,0
453823,1
943218,0
80608,1
768424,1
908921,0
80391,0
98851,1
193413,0
259225,0
227210,1
87143,0
35695,1
313114,0
752125,0
237314,0
197011,1
933719,1
089521,0
567822,1
59773,1
26922,0
18307,1
53022,1
522321,0
485926,0
565123,0
935022,1
349812,0
87853,1
387019,1
756017,0
707724,0
87527,1
689619,0
465215,1
651021,1
67182,1
90464,0
643912,0
905222,1
166610,1
577711,0
767719,0
24805,1
32538,0
70558,0
551425,0
32111,1
84454,1
295814,0
680625,0
173524,0
689016,1
02223,0
589915,0
86819,0
162125,1
636217,1
30702,0
623416,1
982417,0
42839,0
186615,0
820513,0
89701,1
94802,1
697920,0
977723,1
949519,1
604821,1
50674,0
62816,0
889811,0
924220,0
929019,0
07438,0
22772,0
503516,1
869523,0
654310,0
801626,1
86059,0
641625,0
447222,1
319520,0
312825,0
17283,1
704120,0
50147,0
57242,1
048119,1
17697,0
881923,0
74271,0
281116,0
789816,1
99725,0
93149,1
579910,0
192111,1
619818,1
292411,1
19257,0
61844,0
920726,1
932717,0
16564,1
301222,0
29841,0
064025,0
809612,0
976418,0
710721,1
48817,0
78764,0
790514,1
288223,0
20917,1
50716,0
279621,0
24291,0
979815,0
379414,0
519317,1
71141,0
552214,0
995725,1
651811,1
22451,1
777617,0
931317,0
46726,1
981824,0
73385,0
825914,0
32234,0
69687,0
47515,0
143626,0
329216,1
07994,0
30706,0
281219,0
501423,0
531220,0
099315,0
71084,1
278210,0
51272,1
27206,1
990614,0
452224,1
37665,1
593919,1
815221,1
735111,0
764318,0
824619,0
062024,0
648517,1
732122,0
53273,1
755211,0
581610,0
292717,1
626519,1
794118,0
637414,0
238711,0
358423,1
33992,0
19714,1
337416,0
38134,0
281218,0
651816,0
493911,1
59307,1
602211,0
236121,0
603518,1
95044,1
50352,0
62674,1
353321,0
243912,1
147822,0
99958,0
298816,0
137115,1
49999,0
88831,1
235118,0
59802,1
14984,0
946923,0
258122,1
742623,1
285113,0
330720,0
66256,0
296713,0
81898,1
416311,1
350014,1
117120,1
37616,1
121914,1
83884,0
44032,1
965917,1
540526,1
144215,0
47371,1
28083,1
079320,1
328323,1
10605,1
099917,0
545113,1
483623,1
92252,1
035422,0
442217,1
936519,0
833215,1
47352,0
027410,0
574025,1
891719,0
169613,0
735923,1
490626,1
37957,0
129816,1
62234,0
696113,0
815823,0
49186,1
07272,1
48543,0
328013,1
643519,1
996423,1
630311,1
17023,1
89323,1
03863,0
551518,0
04041,0
727914,0
208122,0
640721,0
90608,0
258725,0
739819,1
59356,1
195818,1
513618,1
834513,0
82262,1
97059,1
101515,0
204024,1
88879,0
864610,1
122211,0
01067,1
376822,1
895223,0
241820,0
396318,1
854026,0
132018,1
413710,0
78013,0
20572,1
365817,0
18032,0
013424,0
695020,0
58486,0
22436,0
251113,1
535611,1
947024,1
65193,0
390213,1
040923,1
876311,0
366923,1
305522,0
314411,1
200717,0
520716,0
23076,1
560524,1
21551,1
61811,1
50918,0
251912,1
862321,1
156812,1
77898,1
74163,0
25863,0
234811,0
84015,1
41939,1
537714,1
247412,1
083917,0
350615,1
665022,0
217816,0
749220,0
277313,0
601612,0
786011,1
896611,1
514917,1
207024,1
20852,0
08178,0
544216,0
192717,0
166313,0
566317,1
445013,1
67014,0
75541,0
079425,0
54232,1
690822,1
29595,0
183921,1
303025,1
732111,0
340224,1
82861,0
835623,0
80584,1
935026,1
895810,1
69597,0
317323,0
12658,0
411521,0
736920,0
109811,0
719024,0
353718,1
52962,0
935910,0
32794,0
052322,0
95759,1
710513,0
70646,1
794021,1
396119,0
70102,1
35668,0
30629,1
993816,0
097311,0
51298,1
96373,1
394610,1
78733,1
046323,0
452417,0
58325,0
203910,0
721710,0
66956,0
989417,0
806925,0
163614,0
346623,1
928116,0
363822,1
74599,1
856315,0
07545,0
577726,0
19519,1
331814,0
102218,1
23616,0
227221,0
823221,0
375025,0
663711,0
566813,1
012917,0
71883,1
53563,1
32213,0
321910,1
280114,0
462326,0
673222,1
82011,1
76963,0
18453,1
212322,1
201817,0
279222,0
740910,1
324713,0
196419,0
72974,0
22393,0
085421,0
724312,0
826711,0
489022,1
926123,0
376413,0
744225,1
82292,0
74498,1
550423,1
846616,1
87359,0
056413,1
070118,1
00195,1
561916,1
373724,1
58823,0
584617,1
444511,1
35111,0
79678,0
243018,0
37232,1
544723,0
51103,0
442515,0
789217,1
96759,0
470313,0
56929,1
06024,0
220813,0
196021,1
31906,0
733618,1
771010,1
988513,0
060713,1
336519,0
80222,0
999312,0
02663,1
702015,0
397717,0
00174,0
763915,1
149217,1
732815,0
441812,0
51551,1
10877,0
254611,0
018118,0
598916,0
827215,0
148816,1
03087,1
37786,0
445218,0
309012,1
53491,0
972010,0
81008,0
87755,1
83099,0
73988,1
35467,0
736125,1
65572,0
255017,0
751910,1
253815,0
854313,0
117019,1
487210,0
53462,0
203812,1
12162,1
413814,1
07442,1
74839,1
524811,1
799613,1
783316,0
706115,0
515318,1
185217,1
483222,1
907912,1
33925,1
598623,0
30612,0
790120,1
722816,0
774617,0
58048,1
99196,1
593420,0
348611,1
678424,1
39334,0
66615,0
895720,0
225116,1
555518,1
10576,0
808712,0
41372,1
21902,1
62276,1
291123,1
720616,0
45476,0
742223,1
08429,0
35218,1
374426,0
33734,0
838319,1
760717,1
770716,0
89848,1
41394,0
97794,0
98056,0
579325,0
06739,0
41236,1
88199,1
831121,1
58585,0
116315,1
565613,0
608215,0
897415,0
401025,1
13796,1
86127,1
62883,0
81608,0
66489,0
42232,0
407922,1
176323,0
139121,0
889410,1
202322,0
13457,0
201413,1
56286,1
256023,1
02489,1
79784,0
433521,0
17845,1
92976,1
800725,1
71018,0
66353,1
545325,0
503912,0
293122,1
641816,0
822015,0
399523,0
189517,0
203815,0
117816,0
262622,0
287818,1
16574,0
731113,0
737523,0
113624,1
25306,1
68444,0
59707,0
887924,1
368913,0
419516,1
500324,1
76226,0
692214,0
989114,1
61319,0
85481,1
97984,1
853221,1
62964,0
795122,0
481525,1
038014,0
436513,0
703620,1
58021,1
80766,0
519725,1
43127,0
849512,1
083910,1
549423,0
130221,0
22345,0
86199,0
837812,1
11537,0
329817,0
07884,0
359725,1
349612,0
524221,0
647919,0
809722,0
45008,1
991711,1
342026,0
221212,0
13939,0
806918,0
33987,1
290823,1
33781,1
101317,1
60506,1
036218,0
95544,1
55271,0
08294,0
139921,0
181310,0
033616,0
732215,1
953722,0
495720,0
205416,1
91508,0
903017,0
312623,1
717623,1
57329,0
92397,1
72052,0
00935,0
806418,0
021917,0
91689,1
001521,0
53341,1
275419,1
896310,0
146512,0
21354,0
405617,1
740110,1
93396,1
47064,0
667013,1
617716,0
48138,1
757911,1
84025,0
49474,1
724514,0
000215,0
332415,0
541415,1
496723,0
855215,0
84992,0
915417,1
81972,1
25777,1
936715,0
677021,1
64638,1
792822,0
118723,1
977615,1
130618,0
309716,0
226619,1
086916,0
423810,1
297225,1
11046,1
28099,1
54995,0
49816,1
912116,1
31139,0
42772,0
023420,0
430420,1
15521,1
26376,0
979613,0
78745,0
00209,1
708918,1
268310,0
954826,1
873924,1
975510,0
398117,0
27898,0
94243,0
506723,0
345023,0
925123,1
69744,0
261621,1
706410,0
79891,0
437322,0
455921,1
72689,1
66502,1
957011,1
699325,1
271219,1
07302,1
54989,0
910114,0
001319,0
931417,0
93081,0
34134,1
764916,0
611420,0
378720,0
25737,1
515621,0
124717,0
67347,1
982215,0
61615,1
122610,0
73185,1
377116,1
82312,1
648612,1
40832,1
738911,0
717623,0
514126,0
10898,0
76238,0
031019,0
519716,1
661918,0
327518,0
350320,1
69017,1
702124,0
962115,0
898214,1
430711,0
014125,1
245026,0
36944,0
389310,0
960315,0
113311,0
01427,0
10496,0
840612,0
18212,0
002321,1
83144,0
146523,0
948119,0
636019,0
05677,0
888413,0
217121,0
90509,0
98023,1
018723,0
147522,0
135713,0
760213,1
11972,1
540611,1
59688,1
51985,0
75167,1
71401,0
223024,0
770625,0
258511,0
799421,1
77172,0
655918,1
471613,0
214312,1
320013,1
61648,0
56309,1
03204,0
913513,0
12127,0
787810,0
10881,1
661425,1
958815,0
64765,0
11746,1
66208,0
103213,1
764120,1
155220,0
862226,1
618821,0
233311,0
570219,0
113425,0
60617,0
067920,0
658523,0
906725,1
906719,0
177619,0
873519,1
966816,1
94057,1
192617,1
701614,0
582914,0
95651,0
886912,1
044718,1
492723,1
578825,0
066111,1
908123,0
078426,0
313316,1
072219,0
361225,1
982525,0
539714,0
85658,1
20004,1
86705,1
775821,0
205015,1
705510,1
073921,0
48264,0
728511,1
065416,0
717514,0
796319,0
97962,0
01887,0
81297,0
28824,0
354712,1
913714,0
584320,0
184918,0
88687,1
406121,0
538024,0
826317,1
323010,1
027715,0
79962,1
322723,1
22666,0
823721,1
82161,0
91532,1
518616,0
10741,0
43616,0
774821,1
038026,0
71456,1
646313,0
396910,0
96245,0
10515,0
58491,0
57809,0
452626,0
83846,1
375018,0
09623,0
309625,1
12652,1
583712,0
59451,1
832517,0
638422,0
226219,0
77303,1
11358,1
01641,1
64815,1
179014,0
15505,1
819818,1
92975,1
106917,0
77994,0
876616,0
53153,1
31309,1
08206,1
08806,1
46111,0
42138,1
279212,0
00142,1
901816,0
483717,1
995326,1
09078,1
766514,0
439112,0
825026,0
85627,0
589316,0
498613,0
61316,1
302725,1
56099,1
472713,0
948123,0
432822,0
330112,1
747326,0
316616,1
563914,0
878025,0
51406,1
624219,1
816615,0
841415,0
84541,1
45311,1
419124,1
215015,0
18553,0
48782,0
18725,0
702625,0
699721,0
96745,0
544022,1
57812,1
521320,0
862813,1
762923,0
54457,0
39768,0
246614,0
025411,1
54723,0
646119,1
815017,0
95089,1
23464,0
169712,0
194215,0
964026,0
423112,1
61281,0
35942,0
513322,0
59964,0
683825,1
048410,1
788318,0
024412,1
72743,0
429525,0
46355,0
186626,0
463620,0
423621,0
939224,0
640219,0
116919,1
111011,1
992916,0
351816,0
237110,0
769317,1
09242,1
50746,1
23512,0
44552,1
394811,1
23231,0
081513,0
548024,0
82956,0
908625,1
11799,0
79096,0
635119,0
54682,0
019716,1
243917,0
119419,0
953414,0
892911,0
22509,0
181013,1
950621,0
122918,1
357221,1
142921,0
636624,0
347015,1
277014,0
937513,0
486025,0
65997,0
553314,0
703713,1
476020,1
40162,1
658422,0
98382,1
279024,1
058113,1
10232,0
91637,0
390421,1
535323,0
00585,1
700916,0
05194,0
10176,1
198513,0
937220,0
325917,1
101510,0
664513,0
436017,0
843323,1
580410,0
648412,1
759914,0
05361,1
093614,0
157511,0
325125,1
488412,0
88573,0
761020,1
36384,0
184526,0
855923,0
169921,0
063523,1
599310,0
45186,0
53871,1
69883,1
30976,0
54652,0
72997,0
97434,0
121522,0
93712,0
90936,0
05416,0
69858,1
750811,0
68388,0
22774,1
189715,1
54859,0
02336,1
464416,1
892214,0
274020,1
77713,0
951216,0
69635,1
245211,1
414619,0
15648,0
361724,1
751712,0
724411,0
522614,0
140023,1
814814,1
83477,0
674623,0
04289,0
218716,0
400315,0
665225,0
72259,1
524818,1
79239,1
31707,0
98305,0
266820,0
744619,0
952226,0
82347,1
650515,0
61648,0
776512,1
165820,0
095312,0
469214,0
774213,0
96197,0
562221,1
06744,1
62038,0
04846,0
03016,0
413910,0
218120,0
276124,0
19363,0
945316,0
44026,0
293124,0
010621,1
554220,0
193017,0
260616,0
532226,1
805921,1
77402,1
52201,1
02082,0
943510,0
33521,1
53129,1
52949,1
617625,1
531014,0
45265,1
53119,0
398711,0
340410,1
513116,0
348922,0
334510,0
58158,0
526021,0
564918,0
267413,1
25768,0
75871,1
689813,0
470725,1
935721,1
864816,0
76633,1
025814,0
116322,1
934818,1
944310,0
304320,0
48306,1
59062,0
296014,0
899626,0
55989,1
039726,0
526616,0
46748,1
676513,1
97869,1
130319,0
376913,0
629515,1
330813,0
220717,0
417710,0
22393,0
80464,0
220924,0
662010,1
477021,0
103818,0
456820,0
95134,0
051617,0
808415,0
88962,1
386517,1
335218,0
21607,1
206513,1
585720,1
149814,0
140216,0
417618,1
51996,0
637711,0
179610,0
023823,1
873514,0
665118,1
161410,0
56965,0
579511,1
79247,0
47028,0
851223,0
589726,1
54569,0
140616,0
91141,0
871511,1
17282,0
511726,1
51518,1
09608,1
64657,1
02636,1
731926,0
75035,1
708924,0
80701,0
166610,1
78554,0
513316,0
565213,1
18102,1
17842,0
735113,0
922422,1
95009,1
576220,0
450425,1
55699,1
728426,0
177710,0
340121,1
15995,1
863124,0
385312,1
575121,0
568012,0
81894,0
99314,0
189810,0
031512,0
391118,0
24103,0
550515,0
72711,1
186720,1
686025,1
442923,0
281712,0
50385,1
50566,0
452123,1
656911,0
880924,1
039625,1
086712,0
93914,0
98446,1
212219,0
31481,1
83955,0
669225,0
388922,0
522210,0
97543,0
27393,0
708020,1
04961,0
833620,1
246819,0
318122,0
71688,0
45671,1
79018,0
59249,1
796817,0
890323,0
245219,0
362923,0
60293,0
799314,0
99094,0
90996,1
05812,0
49623,0
946718,0
51509,1
225311,0
134526,0
642919,1
928115,1
26038,0
183423,0
909726,0
514815,0
48937,0
457816,0
727217,1
890819,0
97668,0
696813,0
504424,1
181423,0
372123,0
67343,0
126526,1
656816,0
519712,1
345716,0
76821,0
538426,0
37458,0
763615,0
123125,0
14074,0
05702,0
439315,0
856412,1
36964,1
47177,1
550120,0
58798,1
677223,0
38104,1
697219,0
36947,0
855024,1
905513,0
43599,0
05855,0
403218,0
05493,1
348110,1
35949,0
68696,0
389626,1
820522,1
596013,0
681723,0
308222,0
493120,0
07505,0
766912,0
356716,1
804316,0
99385,0
27031,0
092810,0
817318,0
482524,0
54028,1
673410,0
785020,0
389018,0
37176,0
366510,0
796625,1
885320,1
43242,0
692420,0
153625,1
812317,1
362926,0
482712,1
771125,0
548222,0
73652,0
96205,0
237825,0
06894,0
68184,0
046423,0
890226,0
67785,1
266214,1
413211,1
287425,0
12458,0
43235,0
42935,1
606416,0
650422,0
632216,0
03302,1
108512,0
758626,1
719722,0
184320,0
962622,1
70752,0
91433,0
72842,0
204110,1
490013,1
222922,0
91947,1
13365,0
428213,1
140312,0
01369,1
514420,1
96431,0
025326,1
270617,1
606116,0
613713,0
912221,0
423210,0
240220,0
965926,1
913920,0
66857,0
219522,0
391318,1
420317,0
504320,0
94942,1
164016,0
536615,0
764415,0
457310,0
98171,1
838013,0
08404,1
869026,1
112519,0
038412,0
46165,0
13358,1
25455,1
69231,0
21725,1
453616,0
70299,0
887110,1
544722,0
36236,0
86598,1
34742,0
386526,0
18551,0
71093,1
13707,1
468011,1
530721,0
28839,1
36422,0
962914,0
269618,1
57666,0
03968,0
887926,0
62856,1
147410,1
35303,0
849824,0
96179,0
062120,0
723411,0
763616,0
468323,1
90524,1
67948,1
557814,0
16428,1
309623,1
843416,1
59501,1
429915,0
961812,0
66934,0
07447,1
64475,0
116715,0
48064,1
485419,0
52944,0
483716,0
060315,0
327222,0
41766,1
10634,0
866321,1
67196,1
183725,0
036926,0
991911,1
78722,0
939112,0
817420,1
169824,1
18778,0
44504,0
04281,0
27464,1
350822,1
40861,0
046825,0
599614,0
373925,0
70476,1
200013,1
976225,1
547311,1
01004,1
539720,0
895013,0
032622,1
677312,0
043620,1
856625,0
660913,1
266915,0
840023,0
957619,1
04109,0
28315,0
943014,1
024719,0
940215,0
648315,0
12938,0
484015,1
39824,1
861026,0
375622,1
780111,1
767312,1
606017,0
733916,1
282819,0
446522,0
292124,0
25582,1
92571,0
000313,1
097521,1
46822,0
097522,0
596822,0
52016,0
97993,0
544319,1
829511,1
67389,0
98212,1
367813,0
133514,0
29162,1
45583,0
23687,1
871025,0
319924,1
378511,1
681426,1
40635,0
699325,1
52068,0
839310,0
50197,1
603620,0
25501,0
096918,0
03783,1
28806,0
170313,1
431117,0
431818,0
361225,1
22544,1
50623,0
902812,0
105313,0
153026,0
130112,0
085320,1
62121,1
820012,1
15682,1
06701,1
689718,0
69993,1
613411,1
10778,0
089512,0
20452,0
84177,1
51715,0
445217,0
67415,1
782026,1
96771,1
222710,0
98478,0
669625,0
898023,0
173026,0
65065,0
463410,0
950121,0
256017,1
479523,0
608020,1
786021,0
635710,0
229224,0
955220,0
59139,0
964325,1
87346,1
944725,0
902612,0
70113,0
618520,0
792516,1
15523,0
303816,1
93133,0
81482,0
26234,1
998712,0
448811,1
569316,0
049111,1
192512,0
80395,0
870718,0
320926,1
647922,0
937323,0
356910,1
98196,0
954416,1
159124,0
039621,0
324326,0
51865,0
752717,1
22037,1
38781,0
325819,1
529616,1
631917,0
05126,1
04873,0
21076,1
945123,0
821922,1
199122,0
973817,0
10164,0
94199,1
017417,1
56992,1
290016,0
81067,0
87515,0
68787,0
403916,0
845012,1
360423,0
07957,1
225915,0
11429,0
463313,0
625718,0
154510,1
782622,0
13537,0
25875,1
54422,1
975315,0
236421,0
665610,0
647321,1
76881,0
28422,1
724417,0
531221,1
215023,1
71596,1
703212,1
60882,1
482119,1
734613,1
11374,0
381212,1
94837,0
422715,1
92203,1
499310,1
953710,0
669815,0
210326,1
37242,0
487720,1
920914,0
730625,0
52881,0
065525,0
84685,1
682319,0
10976,0
832819,0
701026,0
52013,1
63527,1
363517,0
28974,0
308225,1
01915,0
71348,1
34898,1
292610,0
49502,0
578912,1
050815,0
298420,1
982223,1
904011,0
15481,1
633918,0
441523,0
25221,1
041221,0
18166,0
709621,0
461516,0
888517,0
86175,0
938514,1
04309,1
667411,1
18144,1
93518,1
35378,1
21291,1
582113,0
130924,1
696821,0
474220,0
963124,1
133513,0
887320,0
880010,1
146912,1
006425,1
238615,0
031022,0
345318,0
62786,0
42804,0
15084,0
78682,1
280017,1
79734,1
769825,0
977316,1
06502,0
778518,0
960223,0
290325,0
362013,0
857310,0
68378,1
670125,1
430424,1
950425,0
881926,1
617414,0
94819,1
613714,1
906526,1
64025,0
36205,0
321322,1
68705,0
874721,0
462615,1
91692,1
819416,0
68728,1
771425,1
838721,0
10802,1
11948,1
176720,0
843912,0
880510,0
64188,0
020615,0
72913,0
71287,1
023725,1
769111,0
67108,1
36755,0
08404,0
17326,1
986211,0
04798,0
585411,1
03652,1
570119,1
31291,1
49223,0
13572,1
10992,0
201816,0
734011,0
457017,0
739225,1
22237,1
947018,1
217615,1
934825,0
810415,1
452125,1
409011,1
378623,1
25928,0
799526,1
382418,0
581619,0
59891,1
49798,1
859015,0
80159,1
233220,1
927822,1
800815,0
277315,1
599912,0
520624,0
480312,0
21396,0
82617,1
109325,0
38829,1
874920,1
17556,0
311510,0
560011,0
633920,1
796425,1
61737,1
993826,1
795024,0
464713,0
97021,0
884916,1
885118,0
53969,0
172922,0
82851,0
070120,0
571222,0
662912,0
15594,0
479713,0
872018,0
45373,0
43241,0
43553,0
449512,1
59151,1
986116,1
72253,1
670421,0
20198,1
87884,0
740410,0
742126,0
327414,0
26329,1
369210,1
891514,1
59147,0
74639,0
292018,0
254125,0
538220,0
34413,0
95925,1
47789,0
04323,0
700812,1
120020,1
93653,1
58846,1
71303,0
62426,1
61948,1
763423,0
69869,0
29872,1
976920,1
139523,0
60237,0
67521,0
04208,1
744611,1
98235,1
05821,0
580314,1
26074,0
107324,1
07438,0
40068,0
372710,0
81435,0
966720,1
36573,1
857011,1
77549,0
94733,1
296923,0
43348,0
586315,0
168619,0
132922,0
02667,1
557414,0
00197,0
425626,0
830916,1
409814,1
519623,0
460812,0
148525,1
40543,0
060320,1
25257,0
816117,1
95817,0
58622,0
54047,0
330810,0
21267,1
044017,1
24345,1
676217,0
61999,1
26754,1
815222,1
744625,1
95222,0
467623,0
798013,1
075723,1
16294,0
03741,0
487222,1
91403,0
34238,0
993820,0
053126,1
653717,0
26882,0
316020,0
132521,1
091617,1
56061,1
61999,1
56403,0
22355,1
38472,0
145318,0
826315,1
067011,0
247625,1
86872,0
06415,0
082924,0
997410,0
662410,0
060810,0
97806,0
191918,0
521414,1
334516,0
50552,1
219016,1
26507,0
52086,0
718412,0
66273,1
398210,0
15744,0
724724,1
24666,0
621123,0
482620,0
601614,0
91385,0
463224,0
891012,0
34527,1
27167,0
372421,0
862624,1
319212,0
443925,0
220821,1
300520,1
867013,1
30792,0
777721,0
72783,1
845021,0
296922,0
718115,1
847421,0
38366,1
914224,0
018717,0
773321,0
26498,1
52143,0
690410,1
24652,0
168522,0
88745,1
691725,1
504913,0
422323,0
076913,0
925322,1
70306,1
974125,1
591718,0
512026,1
11942,0
090617,1
190515,0
78587,1
62482,0
468520,0
34702,0
120922,0
82244,1
45534,1
69179,0
862018,0
757211,1
264213,0
710326,1
202723,1
713714,0
242826,0
296122,1
17688,1
696311,1
593418,1
12072,1
83162,0
116616,0
314610,0
429125,0
439516,0
64276,1
00179,1
87068,0
995517,0
438526,0
54464,1
903126,1
29909,1
810711,1
902725,1
517612,0
464415,0
79269,0
648025,0
40298,0
76024,0
53452,0
54573,0
545125,1
799823,1
466414,0
03072,0
762923,1
25428,0
501612,0
648112,0
61241,0
936213,0
99757,0
962518,0
515312,1
516121,0
102010,1
791926,0
056510,1
68671,0
593924,1
90546,1
820722,1
97325,0
526914,0
619513,0
212110,1
88184,1
122721,1
51988,0
21676,1
28197,0
357221,0
269216,1
59555,0
682110,0
881512,1
91358,0
858211,0
58119,1
704425,0
818924,0
150625,1
41234,1
22282,0
27893,1
759612,0
374018,0
219215,1
56513,0
218617,1
11311,1
772924,0
913423,0
328419,1
973215,0
05593,0
293119,1
750421,0
25826,0
890814,0
14311,0
628812,0
841325,1
580820,0
436914,0
633325,1
532411,0
55998,1
739412,0
687321,0
270012,0
095825,0
110119,1
574311,1
41946,1
532521,1
39697,0
920815,0
32443,1
267413,1
97088,0
699220,1
446825,0
579210,1
22004,1
430226,0
935112,1
43663,0
151815,0
667114,0
05959,1
19559,0
00962,1
380625,0
799826,0
625323,0
91331,1
267515,1
86803,0
843020,0
50187,1
674117,1
47378,1
053717,1
334017,0
820011,0
33723,1
478126,0
763225,0
271825,0
989621,1
085314,0
82123,0
69803,0
769124,1
252019,0
227722,1
10883,1
19302,0
586825,0
35254,0
148215,1
037710,0
57782,0
337325,0
022813,1
766325,1
49152,1
308618,1
521512,0
757610,1
025711,1
13071,0
371424,1
18501,0
28244,1
522710,0
084826,0
36213,0
804218,1
53726,0
042020,1
621720,1
104512,0
154410,0
463610,1
687419,0
59511,0
305914,1
865225,1
527816,0
34868,1
506116,0
86306,0
389114,0
474915,1
057723,1
54531,1
363924,0
371612,1
226319,1
995013,0
33971,0
48256,0
267215,0
31344,1
78214,1
20015,1
16087,1
66951,0
84102,0
161925,1
761125,0
03657,0
008215,0
360619,0
066714,1
689315,0
824210,0
954126,0
266514,1
113923,0
469322,0
69377,0
098810,0
507510,1
864424,0
387323,1
746526,0
797510,1
725124,1
41169,1
82594,1
044226,1
785323,0
31206,1
860615,1
022526,0
948910,1
05753,0
09672,0
283012,0
500613,0
832723,0
69176,1
532911,1
77975,0
353022,0
636814,1
36333,0
07078,1
395613,0
927421,0
40778,1
01033,1
867111,0
730526,0
951824,0
657811,0
48609,0
968825,0
042321,0
194524,0
536012,1
26076,0
11004,0
672823,0
90296,1
721611,0
614514,0
533920,1
20747,1
462524,1
582713,1
138520,0
591424,1
432925,0
480414,0
594421,0
77872,0
22529,1
941520,1
532220,1
18664,0
837511,0
269714,1
370915,0
138626,0
059924,0
637723,1
685522,0
899924,1
874615,1
318113,0
04711,1
77663,0
565025,1
08253,0
908415,0
612212,1
240024,1
752422,1
756914,1
520121,0
210516,1
14945,0
488420,1
80035,0
189718,1
925610,0
221118,1
243220,1
492918,1
18341,0
174123,1
39329,1
12408,1
359411,0
80652,0
37965,1
173426,1
28533,0
081320,1
251920,1
062617,1
67233,0
473218,0
949924,1
43385,0
30076,0
635024,0
851315,1
031117,0
87054,0
87559,1
448017,0
092916,1
36803,1
120211,0
611211,0
185224,1
18204,1
942619,0
90686,0
12696,0
947025,0
74025,1
989522,0
123017,1
570126,0
503213,0
739622,0
971717,0
517218,1
650920,1
31783,0
453014,0
598520,1
980015,1
67438,0
84558,0
66161,1
941526,1
401811,0
388421,0
878018,0
553721,0
179116,0
87014,0
874112,0
80827,0
09806,0
301123,0
82186,1
198616,1
936015,1
034524,1
802424,1
29887,1
283219,0
703626,0
026516,0
046320,1
059421,0
950913,0
91283,0
012911,0
58555,1
536512,0
595625,1
600814,0
19282,1
57606,0
096126,1
518115,0
400714,1
781622,0
58714,0
755023,1
754426,1
001617,1
75084,1
517615,1
93561,1
35562,0
89793,1
75815,0
507318,1
21923,0
31548,0
611919,0
652215,0
781326,1
87488,0
105217,0
131925,0
07236,1
305018,1
929823,1
308812,1
658311,0
854410,0
668126,1
613926,0
611618,1
88846,0
312518,0
03731,0
168222,0
207226,1
88491,0
95189,0
36469,0
356922,0
822411,1
759412,0
400120,0
872724,0
104321,1
10646,0
399626,0
28784,0
776215,0
57952,0
740216,1
001814,0
750122,0
760818,1
04802,0
589517,0
98141,0
61759,0
876026,1
16228,0
674921,1
55424,0
910215,1
521623,1
78084,0
228422,0
036614,0
38072,0
389214,1
494823,1
41822,0
09881,1
997214,0
371712,1
57345,1
220718,1
67296,0
96959,1
81444,0
781412,0
863123,0
59064,1
665417,0
834810,0
56414,1
920014,0
266424,0
33395,1
092115,1
835014,0
16004,0
05365,0
46547,0
64788,0
85102,0
685720,1
236018,1
05842,1
136024,1
573018,0
905813,0
090224,0
517718,0
00565,0
89939,0
819026,0
093113,0
751512,0
044021,0
13372,0
086822,0
634419,0
395022,0
804120,1
732126,0
694111,0
872710,0
947514,1
135511,1
36886,1
089912,1
138418,1
582524,1
684825,0
812517,1
232025,0
497318,0
786926,1
450121,1
12155,0
230513,0
840422,0
235911,0
53045,1
267326,0
91847,0
439318,0
974613,1
316226,0
84047,1
88751,1
053321,1
139419,0
352113,0
253320,0
509219,0
011416,1
33594,0
863914,1
71614,1
37204,0
856523,0
499415,0
05626,1
243617,0
342025,1
60403,0
658216,0
824216,0
02643,0
00899,1
783914,1
607517,0
59665,1
04405,0
47748,0
20552,0
81801,0
429815,1
556619,0
98425,0
227223,1
458412,1
38987,1
09305,0
997519,0
370311,1
497313,0
368225,1
122321,0
344617,0
51179,1
73796,0
16271,0
44865,0
00606,1
695415,0
70886,0
83131,0
30979,1
219715,0
230316,0
979522,0
123723,0
19871,1
785212,1
482212,1
81653,0
652716,0
95933,1
859519,1
523624,0
48274,1
26943,1
58461,1
143912,0
090919,0
464724,0
774011,0
536024,0
35578,1
892014,1
169920,0
560016,0
056724,0
206717,1
740719,0
915011,0
00524,1
36541,1
969921,1
936720,0
12616,0
35288,0
070819,1
207317,0
692815,0
332022,1
52316,0
661723,1
25993,0
87747,1
732618,0
14016,0
02546,0
184812,0
811820,0
542912,1
72989,0
975813,0
395510,0
481520,0
99099,1
409215,0
15612,0
99274,0
950012,1
725214,0
81491,1
136010,0
089923,1
32557,0
48286,1
609426,0
69252,1
32625,1
735415,1
13768,0
613315,0
41356,1
655126,1
71911,0
501812,0
68922,0
174620,0
599519,1
805023,0
282123,0
48797,0
83148,0
940218,1
250717,1
715914,1
570726,0
877925,0
71369,0
896615,0
707419,0
873917,0
139915,0
02772,0
577424,0
267619,1
626617,1
726910,0
036319,1
854714,1
659117,1
90702,1
642119,0
13285,0
887818,0
96334,0
781110,0
71138,0
854117,1
92583,1
537122,1
63741,0
53176,0
762122,1
603425,0
49033,1
43538,0
72676,0
41886,1
41285,1
06204,0
385015,1
115626,0
329525,1
801614,1
411926,1
554926,1
757719,0
030323,0
640815,1
52048,0
107820,0
372715,1
37976,1
762214,0
61968,1
397024,0
701722,0
556225,0
880715,1
543923,0
829421,0
810925,0
584014,0
809214,1
592817,1
98405,0
069621,0
480111,0
347215,0
613515,1
225210,1
418816,0
71052,0
77214,0
356622,0
95078,0
248019,0
781320,0
012813,0
435026,1
03618,0
572713,1
382311,1
757023,1
302122,0
20803,1
10286,1
69076,1
300121,1
598216,1
35077,0
709626,1
167613,0
07869,1
75664,1
724510,1
60509,1
620210,0
859120,1
073415,0
42821,0
036520,1
73491,0
650211,0
184125,1
35112,0
766824,1
50188,1
29231,0
397614,0
228225,0
533621,1
68545,1
12415,1
923316,1
537616,1
80442,0
406012,1
358916,0
58879,1
175518,0
385824,1
429919,1
70259,0
626112,0
78416,0
20565,0
877713,0
775321,0
76613,0
62338,1
590223,0
323920,0
51157,0
33383,1
261525,1
285119,0
43937,1
84861,1
541910,1
249511,1
140916,1
456023,1
959125,0
93092,0
42744,1
20274,0
80757,0
28858,1
542418,0
65074,0
76732,0
672323,1
27259,0
106116,1
039425,1
657413,1
739917,1
099725,0
94798,0
970811,0
36427,1
077418,0
133416,1
075613,0
224213,1
29273,1
21442,1
874516,0
76477,0
56476,1
97009,0
98395,0
607822,0
902720,0
19418,0
91108,0
070422,0
617126,1
19359,0
253516,0
147016,1
249824,0
986615,1
533825,0
771821,0
873123,0
14483,1
79019,1
26904,0
127024,0
033426,1
55835,0
45655,0
332725,0
944117,0
670512,0
25801,0
33707,1
503221,1
425417,0
62837,0
07713,1
97888,1
949518,0
537524,1
117222,1
655916,0
899215,0
427313,0
472423,1
57017,0
146021,0
60827,0
249520,0
048526,1
381016,1
08478,0
82323,0
922725,1
986012,0
011217,1
27867,1
404313,0
922918,1
831311,0
53202,1
628411,1
622921,0
313712,1
614310,0
867615,0
97013,0
812414,0
21626,0
511813,1
562720,0
393617,0
25891,0
40678,0
51245,0
505718,0
029223,1
89109,0
409725,1
971523,1
978625,0
64077,1
404926,0
373321,1
683310,0
131017,1
896117,0
971519,0
84902,1
717320,1
792919,1
230018,0
356319,0
643522,1
49989,1
863017,1
245521,1
94886,1
599523,0
78793,0
99215,1
74326,0
724626,0
445618,0
248119,1
710913,0
183320,1
183216,1
86602,0
058016,1
56963,0
16968,1
30261,0
401225,0
997017,0
94969,0
265722,0
655122,0
12217,0
928912,1
34589,0
69336,0
022114,0
977011,1
653816,0
672614,0
300223,1
427721,1
120814,0
491216,1
272520,1
337420,0
899026,0
227518,0
441921,1
779410,0
760925,1
551920,0
78567,1
080424,0
267615,0
370320,0
279920,1
220814,1
713910,0
49877,0
175720,0
477624,0
80484,0
575317,0
60104,1
66936,0
658613,1
317314,1
024816,0
06237,0
28927,0
74725,0
204323,0
803418,1
386317,0
504412,0
171612,0
133316,1
654615,1
59852,1
912717,0
591922,0
964411,1
21374,0
817412,0
92793,1
796422,1
240410,1
802924,1
463216,0
299015,1
664610,0
765821,0
788024,0
45899,1
87462,0
845724,0
607214,0
88387,0
875017,0
691821,0
067514,1
63394,0
134616,0
508817,0
802317,1
43976,0
305722,1
230215,1
81331,1
22703,1
59826,1
910721,1
465421,1
55462,0
149211,1
41638,0
821514,0
885925,0
76014,1
199822,0
17078,0
048722,0
50639,0
450815,0
002711,1
230819,0
598224,1
605116,0
287722,0
91521,0
943222,0
804923,0
658616,0
970526,0
684711,1
96702,0
39136,1
330122,1
955519,0
081620,0
993223,0
46195,0
528625,1
911525,0
44623,1
896313,0
24585,0
93347,1
654212,0
55677,0
122212,1
208717,0
442310,1
64906,0
74526,1
232020,0
494222,1
75022,0
42918,0
61473,0
604719,0
975226,0
157616,0
566613,1
731224,0
30967,1
237110,1
06747,1
112117,1
439611,0
282413,1
63458,0
831812,0
646917,0
01475,1
121722,0
637026,1
59154,1
626024,0
35663,0
49833,0
91033,0
289620,0
252223,0
38413,0
447514,0
938612,0
958511,0
539926,0
033611,0
561924,0
39486,0
532724,1
098320,0
181310,1
671915,0
331226,1
647625,0
079524,1
016824,1
378514,0
45374,0
707213,1
56022,0
629714,1
820420,0
80504,1
890324,0
816919,0
108924,0
232523,1
606426,0
782416,1
96482,1
28881,0
87078,1
40729,0
716716,0
493625,0
15802,0
481711,0
640823,1
92511,0
87493,0
798922,0
419917,1
888220,0
51357,1
238415,0
137123,0
35807,1
97304,1
468621,1
33491,1
093225,0
748019,1
763624,0
14313,0
59375,1
634910,0
55398,1
584713,0
458316,0
11166,0
14218,1
963324,0
07162,1
11833,0
197224,0
867912,0
340710,1
62524,1
153912,0
864511,1
02899,0
976124,0
40576,1
429120,1
608725,1
309017,0
172212,0
18185,0
740118,0
050625,0
86612,1
48157,0
28051,0
098016,0
72334,1
387314,1
11625,1
70487,1
857126,0
116923,1
71293,1
86951,1
357025,0
15558,1
169714,0
84645,0
24196,1
813225,0
675412,1
809913,1
078712,0
03749,0
319714,1
33964,1
175215,0
906617,1
911223,0
986714,0
532114,1
31617,1
040215,1
693322,0
675423,1
497612,0
505513,1
46416,0
286210,0
296917,0
98222,1
207713,1
153415,0
297119,1
14809,1
290511,0
33708,1
939125,1
995813,1
02813,0
41183,1
911422,1
78762,1
23382,0
987313,0
824110,0
21949,1
963118,0
95845,0
50936,0
262121,0
75269,0
24288,0
92145,0
341013,1
212225,0
22964,0
89092,0
660325,0
322921,0
213822,0
613110,0
026924,1
17095,0
431624,0
969324,0
03833,1
270921,0
354926,1
80331,0
163514,1
05628,1
827718,1
994322,1
70545,0
14558,1
94023,1
16282,0
008212,0
534319,1
085614,0
19761,0
615621,0
309915,0
950023,0
518311,1
514416,0
851422,0
66259,0
935514,0
00686,0
59657,1
803516,0
22368,0
18402,1
135613,0
608012,1
18309,0
58284,1
839820,1
29316,0
941818,0
997126,1
47121,0
97116,0
290826,0
842123,0
141425,0
875618,0
286216,0
581617,1
443025,1
688819,0
739524,0
716925,0
685918,0
272922,0
295710,1
20492,0
384217,0
716315,1
978212,0
59752,0
467311,0
485315,1
980015,0
23245,1
709413,0
69073,0
078024,0
023915,1
26759,0
70497,0
857717,0
37213,0
02129,0
358525,1
52714,0
10997,0
68288,0
147220,0
20807,0
219319,0
565610,0
34622,1
044220,0
673312,1
950324,0
436714,0
377915,1
67364,0
391515,1
136018,0
27246,0
445118,0
346020,1
59178,0
567121,1
09561,0
232514,0
44826,0
88594,0
044013,1
002010,0
37523,0
50257,0
469811,0
288710,0
477017,0
48963,1
97145,0
028214,0
735325,0
80085,0
75373,1
33635,0
475021,0
168925,1
448726,0
29596,0
070812,1
76348,0
048718,1
407921,0
251624,0
005717,1
659919,0
833126,1
40036,0
03565,0
73255,0
488426,0
39208,1
305515,0
061323,0
445811,1
139724,0
809715,0
60132,1
040123,1
338716,0
60965,1
508114,0
25801,0
808513,1
96918,1
988122,1
875720,0
14684,1
511911,1
091611,1
831917,0
962517,0
40243,1
71102,0
74937,0
069019,0
960523,0
91144,1
470021,1
77117,1
462713,1
979514,1
85733,0
73561,1
628619,0
48198,0
86544,1
543817,0
98127,1
55531,1
122826,1
422611,0
383125,0
744523,1
33084,0
992410,1
00805,0
621811,0
73373,0
760914,0
06235,1
71533,0
619816,1
331722,0
413216,0
56144,0
389618,0
963810,0
325819,0
372620,1
31909,0
483317,1
303913,0
01783,0
577417,0
232222,0
50109,0
638326,0
899025,1
306919,0
52229,0
668524,0
890121,1
011810,0
38456,0
585724,0
07253,1
43435,0
900016,0
34277,1
777915,1
064415,0
31543,0
22209,0
165824,1
23788,1
437722,0
371920,0
020113,1
493717,1
292522,1
698120,0
34133,1
803322,1
022414,0
75423,0
471823,1
849516,1
04399,0
571612,1
286812,1
298817,1
007114,1
732826,0
64583,0
109016,1
305823,0
22791,1
090919,1
341720,0
10428,0
653715,0
89995,0
672520,0
716223,1
159913,0
882111,0
643420,0
004210,0
013019,1
233016,1
145221,1
209725,1
85973,1
66318,1
99622,0
63948,0
599512,1
193221,1
51888,1
066524,1
82658,1
35446,1
533118,1
475916,1
70544,0
342813,1
65492,0
782310,1
370518,1
937425,0
907411,0
61284,0
993317,0
447615,1
50667,0
26617,0
04588,0
726823,0
082422,1
840923,0
257810,0
32786,0
974621,0
294611,0
06251,0
672623,1
463615,0
46855,1
08858,1
500315,0
720816,1
401226,0
048923,0
743526,0
135425,0
29856,1
28125,0
27178,0
34227,1
289023,1
032723,1
79778,0
70333,0
402318,0
08646,1
73569,1
954116,1
396722,1
787218,1
63083,1
01863,1
304319,0
54422,0
216918,1
587215,0
316211,1
88737,1
569610,0
89462,1
05478,0
890415,0
884512,0
069114,1
502210,0
324922,0
37362,0
470112,1
660317,0
992117,1
192926,0
437813,0
412912,1
779810,0
864719,1
26965,1
208111,0
33233,1
33843,1
090218,0
604817,1
771818,0
10256,0
345122,0
340717,0
234723,1
87354,0
32149,0
193621,1
358716,0
102712,0
714824,0
530920,0
685618,1
877812,0
97179,1
284511,0
084819,0
67346,0
153522,1
636820,0
094326,0
12932,0
130220,0
237822,1
09273,0
860815,0
23357,0
19524,0
66567,1
985310,0
377724,0
69946,0
400022,1
399923,0
346618,1
268024,0
29747,1
799424,0
210118,1
79212,1
851020,1
325826,1
14289,1
52987,1
445025,0
67283,0
365314,0
612120,1
511914,0
651926,0
347217,1
822421,0
961023,0
248623,1
386526,1
14224,1
29991,0
866811,0
048011,1
974625,0
392625,0
600021,0
63326,1
209624,0
32666,0
82215,0
234612,0
029824,0
756017,0
299525,1
913721,0
280926,1
508415,0
025423,0
772719,0
533916,1
220512,1
878214,0
760123,0
460911,0
48681,1
952915,1
266917,1
24785,0
91749,0
223320,0
964421,0
32565,0
041925,0
08723,1
47264,1
816415,0
309410,1
949413,1
25993,0
794516,0
454418,0
085925,0
11506,1
719612,0
544822,1
117724,1
35186,1
933022,1
09395,0
93891,0
364417,0
29119,1
592114,0
59984,1
39858,0
954812,0
65766,0
431011,0
40628,1
26769,0
923614,0
475316,1
610317,0
77815,0
70186,0
057226,1
513518,0
135312,0
179419,1
616625,0
93327,0
418422,1
109223,1
72339,0
283410,0
24006,0
495719,0
023021,0
49231,0
176311,0
110420,1
519511,0
34397,0
59498,0
520324,0
16358,0
805024,0
982817,0
390813,0
501225,0
672822,0
489114,0
896916,0
066111,0
870911,1
142722,0
980114,0
633925,0
215920,0
15486,1
37953,1
621514,1
564721,0
22294,0
962623,0
218819,0
625816,1
10942,0
696913,1
297824,1
23423,0
695316,1
38982,1
393825,1
76961,0
245319,1
95589,1
961721,0
63404,0
495522,0
68137,1
74267,1
338911,1
311821,1
320513,0
83172,0
570211,0
008316,1
616916,0
490910,1
46576,1
22572,1
772910,0
969618,0
869021,1
977012,0
408623,0
834423,0
882211,1
84046,1
279119,0
676214,0
988826,0
107423,0
997918,0
643721,1
12269,0
21087,1
547412,0
34684,1
112225,0
49901,0
481615,0
33159,0
474712,0
341123,0
089824,1
800616,0
824920,0
872216,0
216419,0
402011,0
58502,0
203825,1
08279,0
879915,0
17057,1
477926,1
004816,0
396711,1
37049,0
681022,0
06745,0
448013,1
139515,0
082217,1
283211,1
358823,1
407523,1
50905,0
23463,0
37985,0
625814,1
418626,1
527424,1
14422,0
397825,0
494011,0
95891,1
938826,0
030519,0
760519,0
467020,1
006419,0
856114,1
516124,1
82926,0
859114,1
789522,0
452618,1
62537,1
456614,1
808016,1
690613,0
36626,0
810718,1
051615,0
20273,0
991215,1
373326,0
787818,0
245213,1
71039,1
43428,0
35453,1
17852,0
498912,1
731523,1
117324,1
250920,1
95307,1
689818,1
548114,1
206823,0
206122,0
07499,0
23804,1
225625,0
12729,0
016424,0
56663,1
40111,0
63658,0
75589,0
94886,1
359020,0
699411,0
196021,0
274010,1
650010,1
524522,0
846919,1
21445,0
12416,0
99282,0
411417,1
277519,1
90033,1
17547,0
795624,0
159113,1
23696,0
747113,1
511519,1
984517,0
767222,0
973910,1
99161,0
385515,0
148819,0
097017,0
325911,1
612018,0
957223,0
589311,0
007612,0
364010,0
159615,0
986724,0
954611,1
317418,1
17603,0
844119,1
13207,1
104718,0
354126,1
872510,0
756221,0
807119,1
66683,1
562613,1
568112,1
82124,0
432315,1
49332,0
20302,0
11164,0
656322,0
226723,1
027020,1
470713,1
271023,0
63002,1
700912,0
502211,1
79763,0
10367,0
20054,0
814823,0
781516,0
91739,0
912921,1
363510,0
796426,1
622912,0
17249,0
821717,0
554617,0
689721,0
61279,0
893024,0
591617,0
506020,1
053124,1
846519,1
240816,0
970026,0
873810,0
453423,1
193023,0
35083,1
06574,1
87921,0
514625,0
345219,1
407015,1
529713,0
636913,1
492621,0
68488,0
63411,0
068221,0
69762,1
707814,0
806517,1
213320,0
25111,1
31913,0
795215,0
74704,0
785315,0
15451,0
512618,0
23632,0
195625,0
792112,0
292513,1
582016,1
96092,1
621123,0
44592,0
994516,0
91085,0
05309,1
050819,0
221526,1
821320,1
130419,1
72425,0
29047,1
51367,1
259511,0
524319,1
939813,0
761916,1
650814,0
471014,1
53062,0
035714,0
237111,0
046326,0
62574,1
461621,1
77461,0
59965,1
275818,0
231420,0
240512,0
345410,0
903926,0
90131,0
289813,1
27502,0
36487,0
207518,0
958825,0
936425,0
53921,0
245125,1
39146,0
307826,0
102411,0
469016,1
95479,1
12646,0
77893,1
659811,0
997222,0
042221,1
190423,1
513025,0
28433,0
643916,1
535117,0
55684,0
84686,0
663319,0
64477,0
696716,0
598126,1
16846,1
138923,1
037615,0
021817,1
080425,1
71642,1
25235,0
092824,0
005225,0
958610,1
450122,0
607519,1
93471,0
227424,0
66913,1
16852,1
90535,1
066621,0
14717,0
48079,0
971014,0
98376,0
720315,1
10359,1
739812,1
282312,1
05504,0
92813,0
22354,0
087115,0
360510,1
97676,0
845617,0
77505,0
256923,0
684018,1
223424,1
480110,0
31861,0
